"Term ID","Term Name","Term Slug",Description,"Parent ID","Parent Name","Parent Slug",Count,product_count_product_cat,order,termid,parentid,display_type,thumbnail_id,_yoast_term_redirect_info,"Image URL","Images Filename","Images Path","Images ID","Images Title","Images Caption","Images Description","Images Alt Text","Focus Keywords","SEO Title","Meta Description","Keyphrase Synonyms","Related keyphrase","Facebook Title","Facebook Description","Facebook Image","Twitter Title","Twitter Description","Twitter Image","Meta Robots Index","is cornerstone content","Breadcrumbs Title","Canonical URL","SEO Score"
15,Uncategorized,uncategorized,,,,,,,,,,,,,,,,,,,,,,,,[],[],,,,,,,default,,,,
260,"All Products",all-products,,,,,,,,15,,,,,,,,,,,,,,,,[],[],,,,,,,default,,,,
261,Laptops,laptops,"Explore a selection of laptops for different needs.",297,"Computer &amp; Office",computer-office,4,4,,331,329,,,,,,,,,,,,,,,[],[],,,,,,,default,,,,
262,Tablets,tablets,"Explore a collection of tablets with different features.",297,"Computer &amp; Office",computer-office,4,4,,335,329,,,,,,,,,,,,,,,[],[],,,,,,,default,,,,
263,"Computers &amp; Tablets",computers-tablets,"Explore our diverse range of computers and tablets designed for every need. From powerful desktops and sleek laptops to versatile tablets, find the perfect device for work, entertainment, and everything in between. Experience top performance, stunning visuals, and seamless connectivity with our cutting-edge technology.",,,,,,,23,,,,,,,,,,,,,,,,[],[],,,,,,,default,,,,
264,"Sports Bags",sports-bags,"Discover bags for sports equipment.",,,,,,,213,211,,,,,,,,,,,,,,,[],[],,,,,,,default,,,,
265,"Team Sports",team-sports,"Explore products for team sports.",,,,,,,214,211,,,,,,,,,,,,,,,[],[],,,,,,,default,,,,
266,"Women's Fashion",womens-fashion,"Explore the latest and greatest in electronic gadgets and devices. Our electronics category features a wide range of products from top brands to meet all your tech needs.",,,,336,448,,297,,,,,,,,,,,,,,,,[],[],,,,,,,default,,,,
267,"Women's Pants",womens-pants,"Discover stylish pants and capris for women.",2653,"Women's Bottoms",womens-bottoms,60,60,,299,32,,,"a:4:{s:6:""origin"";s:29:""product-category/pants-capris"";s:6:""target"";s:44:""product-category/womens-fashion/womens-pants"";s:4:""type"";i:301;s:6:""format"";s:5:""plain"";}",,,,,,,,,,,,"[""""]",[],,,,,,,default,,,,90
268,Dresses,dresses,"Explore a collection of beautiful dresses for women.",,,,29,29,,300,32,,,,,,,,,,,,,,,[],[],,,,,,,default,,,,
269,Skirt,skirt,"Discover trendy skirts for women to elevate your style.",2653,"Women's Bottoms",womens-bottoms,51,51,,301,32,,,,,,,,,,,,,,,[],[],,,,,,,default,,,,90
270,"Women's Jeans",womens-jeans,"Explore a variety of jeans styles for women.",2653,"Women's Bottoms",womens-bottoms,43,43,,302,32,,,,,,,,,,,,,,,[],[],,,,,,,default,,,,90
271,"Muslim Fashion",muslim-fashion,"Discover modest and stylish Muslim fashion for women.",,,,,,,303,32,,,,,,,,,,,,,,,[],[],,,,,,,default,,,,
272,"Women's Blouses &amp; Shirts",womens-blouses-shirts,"Discover a collection of elegant blouses and shirts for women.",,,,75,75,,304,32,,,,,,,,,,,,,,,[],[],,,,,,,default,,,,
273,"Women's Suits &amp; Sets",womens-suits-sets,"Explore stylish suits and sets for women.",266,"Women's Fashion",womens-fashion,18,18,,305,32,,,,,,,,,,,,,,,[],[],,,,,,,default,,,,90
274,"Women's Jackets &amp; Coats",womens-jackets-coats,"Stay warm and stylish with a variety of jackets and coats for women.",,,,,,,306,32,,,,,,,,,,,,,,,[],[],,,,,,,default,,,,
275,"Women's Hoodies &amp; Sweatshirts",womens-hoodies-sweatshirts,"Stay comfy with a variety of hoodies and sweatshirts for women.",,,,,,,307,32,,,,,,,,,,,,,,,[],[],,,,,,,default,,,,
276,"Men's Fashion",mens-fashion,"Explore the latest trends in men's fashion.",,,,86,104,,308,,,,,,,,,,,,,,,,[],[],,,,,,,default,,,,
277,"Men's Sets",mens-sets,"Discover stylish sets for men.",276,"Men's Fashion",mens-fashion,33,33,,309,308,,,,,,,,,,,,,,,[],[],,,,,,,default,,,,
278,"Men's Pants",mens-pants,"Explore a variety of stylish pants for men.",276,"Men's Fashion",mens-fashion,33,33,,310,308,,,"a:4:{s:6:""origin"";s:35:""product-category/mens-fashion/pants"";s:6:""target"";s:40:""product-category/mens-fashion/mens-pants"";s:4:""type"";i:301;s:6:""format"";s:5:""plain"";}",,,,,,,,,,,,"[""""]",[],,,,,,,default,,,,
279,"Tops &amp; Tees",tops-tees,"Discover a collection of tops and tees for men.",276,"Men's Fashion",mens-fashion,,,,311,308,,,,,,,,,,,,,,,[],[],,,,,,,default,,,,
280,"Board Shorts",board-shorts,"Find comfortable and stylish board shorts for men.",276,"Men's Fashion",mens-fashion,38,38,,312,308,,,,,,,,,,,,,,,[],[],,,,,,,default,,,,
281,Sweaters,sweaters,"Stay cozy with a variety of stylish sweaters for men.",276,"Men's Fashion",mens-fashion,,,,313,308,,,,,,,,,,,,,,,[],[],,,,,,,default,,,,
282,"Suits &amp; Blazers",suits-blazers,"Explore a collection of suits and blazers for men.",276,"Men's Fashion",mens-fashion,,,,314,308,,,,,,,,,,,,,,,[],[],,,,,,,default,,,,
283,Shirts,shirts,"Discover a variety of shirts for men.",276,"Men's Fashion",mens-fashion,,,,315,308,,,,,,,,,,,,,,,[],[],,,,,,,default,,,,
284,"Men's Jeans",mens-jeans,"Explore a variety of jeans styles for men.",276,"Men's Fashion",mens-fashion,,,,316,308,,,,,,,,,,,,,,,[],[],,,,,,,default,,,,
285,"Casual Shorts",casual-shorts,"Discover comfortable and casual shorts for men.",276,"Men's Fashion",mens-fashion,,,,317,308,,,,,,,,,,,,,,,[],[],,,,,,,default,,,,
286,"Hoodies &amp; Sweatshirts",hoodies-sweatshirts,"Stay comfy with a variety of hoodies and sweatshirts for men.",276,"Men's Fashion",mens-fashion,,,,318,308,,,,,,,,,,,,,,,[],[],,,,,,,default,,,,
287,"Phones &amp; Accessories",phones-accessories,"Explore a wide range of phones and accessories.",,,,,,,319,,,,,,,,,,,,,,,,[],[],,,,,,,default,,,,
288,"Mobile Phone Accessories",mobile-phone-accessories,"Discover a variety of accessories for mobile phones.",287,"Phones &amp; Accessories",phones-accessories,,,,320,319,,,,,,,,,,,,,,,[],[],,,,,,,default,,,,
289,"Mobile Phone Parts",mobile-phone-parts,"Explore a selection of parts for mobile phones.",287,"Phones &amp; Accessories",phones-accessories,,,,321,319,,,,,,,,,,,,,,,[],[],,,,,,,default,,,,
290,"Phone Bags &amp; Cases",phone-bags-cases,"Protect your phone with stylish bags and cases.",287,"Phones &amp; Accessories",phones-accessories,,,,322,319,,,,,,,,,,,,,,,[],[],,,,,,,default,,,,
291,"Walkie Talkie Parts &amp; Accessories",walkie-talkie-parts-accessories,"Find accessories and parts for walkie talkies.",287,"Phones &amp; Accessories",phones-accessories,,,,323,319,,,,,,,,,,,,,,,[],[],,,,,,,default,,,,
292,"Communication Equipments",communication-equipments,"Discover various communication equipment.",287,"Phones &amp; Accessories",phones-accessories,,,,324,319,,,,,,,,,,,,,,,[],[],,,,,,,default,,,,
293,Cellphones,cellphones,"Explore a collection of cellphones from top brands.",287,"Phones &amp; Accessories",phones-accessories,,,,325,319,,,,,,,,,,,,,,,[],[],,,,,,,default,,,,
294,"Walkie Talkie",walkie-talkie,"Find walkie talkies for all your communication needs.",287,"Phones &amp; Accessories",phones-accessories,,,,326,319,,,,,,,,,,,,,,,[],[],,,,,,,default,,,,
295,"Refurbished Phones",refurbished-phones,"Discover high-quality refurbished phones.",287,"Phones &amp; Accessories",phones-accessories,,,,327,319,,,,,,,,,,,,,,,[],[],,,,,,,default,,,,
296,iPhones,iphones,"Explore the latest models of iPhones.",287,"Phones &amp; Accessories",phones-accessories,,,,328,319,,,,,,,,,,,,,,,[],[],,,,,,,default,,,,
297,"Computer &amp; Office",computer-office,"Explore a wide range of computer and office products.",,,,4,4,,329,,,,,,,,,,,,,,,,[],[],,,,,,,default,,,,
298,"Storage Devices",storage-devices,"Discover a variety of storage devices for computers.",297,"Computer &amp; Office",computer-office,,,,330,329,,,,,,,,,,,,,,,[],[],,,,,,,default,,,,
299,Servers,servers,"Find servers for business and enterprise use.",297,"Computer &amp; Office",computer-office,,,,332,329,,,,,,,,,,,,,,,[],[],,,,,,,default,,,,
300,"Demo Board &amp; Accessories",demo-board-accessories,"Explore demo boards and accessories.",297,"Computer &amp; Office",computer-office,,,,333,329,,,,,,,,,,,,,,,[],[],,,,,,,default,,,,
301,Desktops,desktops,"Discover powerful desktop computers for various tasks.",297,"Computer &amp; Office",computer-office,,,,334,329,,,,,,,,,,,,,,,[],[],,,,,,,default,,,,
302,"Computer Cables &amp; Connectors",computer-cables-connectors,"Find cables and connectors for computers.",297,"Computer &amp; Office",computer-office,,,,336,329,,,,,,,,,,,,,,,[],[],,,,,,,default,,,,
303,"Mini PC",mini-pc,"Discover compact and efficient mini PCs.",297,"Computer &amp; Office",computer-office,,,,337,329,,,,,,,,,,,,,,,[],[],,,,,,,default,,,,
304,"Computer Peripherals",computer-peripherals,"Explore a variety of computer peripherals.",297,"Computer &amp; Office",computer-office,,,,338,329,,,,,,,,,,,,,,,[],[],,,,,,,default,,,,
305,"Tablet Accessories",tablet-accessories,"Find accessories for your tablets.",297,"Computer &amp; Office",computer-office,,,,339,329,,,,,,,,,,,,,,,[],[],,,,,,,default,,,,
306,Networking,networking,"Discover networking equipment for seamless connectivity.",297,"Computer &amp; Office",computer-office,,,,340,329,,,,,,,,,,,,,,,[],[],,,,,,,default,,,,
307,"Computer Components",computer-components,"Explore various components for building computers.",297,"Computer &amp; Office",computer-office,,,,341,329,,,,,,,,,,,,,,,[],[],,,,,,,default,,,,
308,"Device Cleaners",device-cleaners,"Find cleaners to keep your devices clean and safe.",297,"Computer &amp; Office",computer-office,,,,342,329,,,,,,,,,,,,,,,[],[],,,,,,,default,,,,
309,"Office Electronics",office-electronics,"Discover electronic devices for office use.",297,"Computer &amp; Office",computer-office,,,,343,329,,,,,,,,,,,,,,,[],[],,,,,,,default,,,,
310,"Industrial Computer &amp; Accessories",industrial-computer-accessories,"Explore industrial-grade computers and accessories.",297,"Computer &amp; Office",computer-office,,,,344,329,,,,,,,,,,,,,,,[],[],,,,,,,default,,,,
311,"Mouse &amp; Keyboards",mouse-keyboards,"Find a variety of mice and keyboards for computers.",297,"Computer &amp; Office",computer-office,,,,345,329,,,,,,,,,,,,,,,[],[],,,,,,,default,,,,
312,"Laptop Accessories",laptop-accessories,"Discover accessories to enhance your laptop experience.",297,"Computer &amp; Office",computer-office,,,,346,329,,,,,,,,,,,,,,,[],[],,,,,,,default,,,,
313,"Laptop Parts",laptop-parts,"Explore parts and components for laptops.",297,"Computer &amp; Office",computer-office,,,,347,329,,,,,,,,,,,,,,,[],[],,,,,,,default,,,,
314,"Tablet Parts",tablet-parts,"Find parts and components for tablets.",297,"Computer &amp; Office",computer-office,,,,348,329,,,,,,,,,,,,,,,[],[],,,,,,,default,,,,
315,"Security &amp; Protection",security-protection,"Explore a range of security and protection products.",,,,,,,349,,,,,,,,,,,,,,,,[],[],,,,,,,default,,,,
316,"Security Alarm",security-alarm,"Discover security alarm systems for your home or business.",315,"Security &amp; Protection",security-protection,,,,350,349,,,,,,,,,,,,,,,[],[],,,,,,,default,,,,
317,"Building Automation",building-automation,"Explore building automation systems for smart control.",315,"Security &amp; Protection",security-protection,,,,351,349,,,,,,,,,,,,,,,[],[],,,,,,,default,,,,
318,"Smart Card System",smart-card-system,"Discover smart card systems for secure access control.",315,"Security &amp; Protection",security-protection,,,,352,349,,,,,,,,,,,,,,,[],[],,,,,,,default,,,,
319,"Door Intercom",door-intercom,"Explore door intercom systems for secure communication.",315,"Security &amp; Protection",security-protection,,,,353,349,,,,,,,,,,,,,,,[],[],,,,,,,default,,,,
320,"Workplace Safety Supplies",workplace-safety-supplies,"Find safety supplies for workplace safety.",315,"Security &amp; Protection",security-protection,,,,354,349,,,,,,,,,,,,,,,[],[],,,,,,,default,,,,
321,"Fire Protection",fire-protection,"Discover fire protection equipment and systems.",315,"Security &amp; Protection",security-protection,,,,355,349,,,,,,,,,,,,,,,[],[],,,,,,,default,,,,
322,"Video Surveillance",video-surveillance,"Explore video surveillance systems for monitoring.",315,"Security &amp; Protection",security-protection,,,,356,349,,,,,,,,,,,,,,,[],[],,,,,,,default,,,,
323,Safes,safes,"Find a variety of safes to protect valuables.",315,"Security &amp; Protection",security-protection,,,,357,349,,,,,,,,,,,,,,,[],[],,,,,,,default,,,,
324,"Self Defense Supplies",self-defense-supplies,"Discover self-defense supplies for personal safety.",315,"Security &amp; Protection",security-protection,,,,358,349,,,,,,,,,,,,,,,[],[],,,,,,,default,,,,
325,"Access Control",access-control,"Explore access control systems for secure entry.",315,"Security &amp; Protection",security-protection,,,,359,349,,,,,,,,,,,,,,,[],[],,,,,,,default,,,,
326,"Public Broadcasting",public-broadcasting,"Find public broadcasting equipment and systems.",315,"Security &amp; Protection",security-protection,,,,360,349,,,,,,,,,,,,,,,[],[],,,,,,,default,,,,
327,"Roadway Safety",roadway-safety,"Discover roadway safety equipment and products.",315,"Security &amp; Protection",security-protection,,,,361,349,,,,,,,,,,,,,,,[],[],,,,,,,default,,,,
328,"Transmission &amp; Cables",transmission-cables,"Explore transmission and cables for security systems.",315,"Security &amp; Protection",security-protection,,,,362,349,,,,,,,,,,,,,,,[],[],,,,,,,default,,,,
329,"IoT Devices",iot-devices,"Discover IoT devices for enhanced security.",315,"Security &amp; Protection",security-protection,,,,363,349,,,,,,,,,,,,,,,[],[],,,,,,,default,,,,
330,"Security Inspection Device",security-inspection-device,"Explore security inspection devices for enhanced screening.",315,"Security &amp; Protection",security-protection,,,,364,349,,,,,,,,,,,,,,,[],[],,,,,,,default,,,,
331,"Lightning Protection",lightning-protection,"Discover lightning protection systems for buildings.",315,"Security &amp; Protection",security-protection,,,,365,349,,,,,,,,,,,,,,,[],[],,,,,,,default,,,,
332,"Emergency Kits",emergency-kits,"Find emergency kits for preparedness.",315,"Security &amp; Protection",security-protection,,,,366,349,,,,,,,,,,,,,,,[],[],,,,,,,default,,,,
333,"Consumer Electronics",consumer-electronics,"Explore a wide range of consumer electronics.",,,,,,,367,,,,,https://ae01.alicdn.com/kf/S2a9d6fffd505451f8d997dcadd1b90faB.jpg||https://ae01.alicdn.com/kf/Sc4ce167fd038430ab7b4b512c5c89393X.jpg||https://ae01.alicdn.com/kf/Sdd1dcc2b32c34afbb5df2cb43b4ac544m.jpg||https://ae01.alicdn.com/kf/S1984e157a1f447a3982d25d7a83d7124a.jpg||https://ae01.alicdn.com/kf/S16e5a715a30b47268a2f9f6bf08ba0fcU.jpg||https://ae01.alicdn.com/kf/Sb6b4a31fb1a743d0aa4e54369a000fbeu.jpg,S2a9d6fffd505451f8d997dcadd1b90faB.jpg||Sc4ce167fd038430ab7b4b512c5c89393X.jpg||Sdd1dcc2b32c34afbb5df2cb43b4ac544m.jpg||S1984e157a1f447a3982d25d7a83d7124a.jpg||S16e5a715a30b47268a2f9f6bf08ba0fcU.jpg||Sb6b4a31fb1a743d0aa4e54369a000fbeu.jpg,/home/cheasyst/public_html/store.cheasy.finance/wp-content/uploads/https://ae01.alicdn.com/kf/S2a9d6fffd505451f8d997dcadd1b90faB.jpg||/home/cheasyst/public_html/store.cheasy.finance/wp-content/uploads/https://ae01.alicdn.com/kf/Sc4ce167fd038430ab7b4b512c5c89393X.jpg||/home/cheasyst/public_html/store.cheasy.finance/wp-content/uploads/https://ae01.alicdn.com/kf/Sdd1dcc2b32c34afbb5df2cb43b4ac544m.jpg||/home/cheasyst/public_html/store.cheasy.finance/wp-content/uploads/https://ae01.alicdn.com/kf/S1984e157a1f447a3982d25d7a83d7124a.jpg||/home/cheasyst/public_html/store.cheasy.finance/wp-content/uploads/https://ae01.alicdn.com/kf/S16e5a715a30b47268a2f9f6bf08ba0fcU.jpg||/home/cheasyst/public_html/store.cheasy.finance/wp-content/uploads/https://ae01.alicdn.com/kf/Sb6b4a31fb1a743d0aa4e54369a000fbeu.jpg,338||339||340||341||342||343,333-be69a1.jpg||333-797102.jpg||333-8c0f6d.jpg||333-83a133.jpg||333-e82ffe.jpg||333-3b5aea.jpg,333-be69a1.jpg||333-797102.jpg||333-8c0f6d.jpg||333-83a133.jpg||333-e82ffe.jpg||333-3b5aea.jpg,,,,,,[],[],,,,,,,default,,,,
334,"VR/AR Devices",vr-ar-devices,"Discover virtual and augmented reality devices.",333,"Consumer Electronics",consumer-electronics,,,,368,367,,,,https://ae01.alicdn.com/kf/S6af02afe8bbd48feb56ab0525301c0d7a.jpg,S6af02afe8bbd48feb56ab0525301c0d7a.jpg,/home/cheasyst/public_html/store.cheasy.finance/wp-content/uploads/https://ae01.alicdn.com/kf/S6af02afe8bbd48feb56ab0525301c0d7a.jpg,344,334-2552d9.jpg,334-2552d9.jpg,,,,,,[],[],,,,,,,default,,,,
335,Speakers,speakers,"Explore a variety of speakers for immersive sound.",333,"Consumer Electronics",consumer-electronics,,,,369,367,,,,,,,,,,,,,,,[],[],,,,,,,default,,,,
336,"Sports &amp; Action Video Cameras",sports-action-video-cameras,"Capture thrilling moments with sports &amp; action cameras.",333,"Consumer Electronics",consumer-electronics,,,,370,367,,,,https://ae01.alicdn.com/kf/S94519305a65c4635b821d2593b6e5f0ed.jpg,S94519305a65c4635b821d2593b6e5f0ed.jpg,/home/cheasyst/public_html/store.cheasy.finance/wp-content/uploads/https://ae01.alicdn.com/kf/S94519305a65c4635b821d2593b6e5f0ed.jpg,345,336-d5dba6.jpg,336-d5dba6.jpg,,,,,,[],[],,,,,,,default,,,,
337,"Earphones &amp; Headphones",earphones-headphones,"Discover high-quality earphones and headphones.",333,"Consumer Electronics",consumer-electronics,,,,371,367,,,,,,,,,,,,,,,[],[],,,,,,,default,,,,
338,"Home Electronic Accessories",home-electronic-accessories,"Explore accessories for your home electronics.",333,"Consumer Electronics",consumer-electronics,,,,372,367,,,,,,,,,,,,,,,[],[],,,,,,,default,,,,
339,"Power Source",power-source,"Find power sources and chargers for your devices.",333,"Consumer Electronics",consumer-electronics,,,,373,367,,,,,,,,,,,,,,,[],[],,,,,,,default,,,,
340,"Live Equipment",live-equipment,"Discover live equipment for audio and video production.",333,"Consumer Electronics",consumer-electronics,,,,374,367,,,,,,,,,,,,,,,[],[],,,,,,,default,,,,
341,"HIFI Devices",hifi-devices,"Explore high-fidelity audio devices for premium sound.",333,"Consumer Electronics",consumer-electronics,,,,375,367,,,,,,,,,,,,,,,[],[],,,,,,,default,,,,
342,"Wearable Devices",wearable-devices,"Discover wearable devices for convenient technology.",333,"Consumer Electronics",consumer-electronics,,,,376,367,,,,,,,,,,,,,,,[],[],,,,,,,default,,,,
343,"Video Games",video-games,"Explore a collection of video games for various platforms.",333,"Consumer Electronics",consumer-electronics,,,,377,367,,,,,,,,,,,,,,,[],[],,,,,,,default,,,,
344,"Camera &amp; Photo",camera-photo,"Find cameras and photography equipment.",333,"Consumer Electronics",consumer-electronics,,,,378,367,,,,,,,,,,,,,,,[],[],,,,,,,default,,,,
345,"Accessories &amp; Parts",accessories-parts,"Explore accessories and parts for electronic devices.",333,"Consumer Electronics",consumer-electronics,,,,379,367,,,,,,,,,,,,,,,[],[],,,,,,,default,,,,
346,"Portable Audio &amp; Video",portable-audio-video,"Discover portable audio and video devices.",333,"Consumer Electronics",consumer-electronics,,,,380,367,,,,,,,,,,,,,,,[],[],,,,,,,default,,,,
347,"Home Audio &amp; Video",home-audio-video,"Explore home audio and video systems.",333,"Consumer Electronics",consumer-electronics,,,,381,367,,,,,,,,,,,,,,,[],[],,,,,,,default,,,,
348,"Electronic Cigarettes",electronic-cigarettes,"Find electronic cigarettes and vaping products.",333,"Consumer Electronics",consumer-electronics,,,,382,367,,,,,,,,,,,,,,,[],[],,,,,,,default,,,,
349,"Smart Electronics",smart-electronics,"Discover smart electronic devices for connected living.",333,"Consumer Electronics",consumer-electronics,,,,383,367,,,,,,,,,,,,,,,[],[],,,,,,,default,,,,
350,"Jewelry &amp; Accessories",jewelry-accessories,"Explore a wide range of jewelry and accessories.",,,,,,,384,,,,,,,,,,,,,,,,[],[],,,,,,,default,,,,
351,"Beads &amp; Jewelry Making",beads-jewelry-making,"Discover beads and supplies for jewelry making.",350,"Jewelry &amp; Accessories",jewelry-accessories,,,,385,384,,,,,,,,,,,,,,,[],[],,,,,,,default,,,,
352,"Jewelry making",jewelry-making,"Explore tools and equipment for jewelry making.",350,"Jewelry &amp; Accessories",jewelry-accessories,,,,386,384,,,,,,,,,,,,,,,[],[],,,,,,,default,,,,
353,"Customized Jewelry",customized-jewelry,"Find personalized and customized jewelry.",350,"Jewelry &amp; Accessories",jewelry-accessories,,,,387,384,,,,,,,,,,,,,,,[],[],,,,,,,default,,,,
354,"Fine Jewelry",fine-jewelry,"Explore a collection of fine jewelry pieces.",350,"Jewelry &amp; Accessories",jewelry-accessories,,,,388,384,,,,,,,,,,,,,,,[],[],,,,,,,default,,,,
355,"Wedding &amp; Engagement Jewelry",wedding-engagement-jewelry,"Discover wedding and engagement jewelry.",350,"Jewelry &amp; Accessories",jewelry-accessories,,,,389,384,,,,,,,,,,,,,,,[],[],,,,,,,default,,,,
356,Earrings,earrings,"Explore a variety of stylish earrings.",350,"Jewelry &amp; Accessories",jewelry-accessories,,,,390,384,,,,,,,,,,,,,,,[],[],,,,,,,default,,,,
357,"Necklaces &amp; Pendants",necklaces-pendants,"Discover necklaces and pendants for all occasions.",350,"Jewelry &amp; Accessories",jewelry-accessories,,,,391,384,,,,,,,,,,,,,,,[],[],,,,,,,default,,,,
358,"Bracelets &amp; Bangles",bracelets-bangles,"Explore a collection of bracelets and bangles.",350,"Jewelry &amp; Accessories",jewelry-accessories,,,,392,384,,,,,,,,,,,,,,,[],[],,,,,,,default,,,,
359,"Jewelry Sets &amp; More",jewelry-sets-more,"Find matching jewelry sets and more.",350,"Jewelry &amp; Accessories",jewelry-accessories,,,,393,384,,,,,,,,,,,,,,,[],[],,,,,,,default,,,,
360,Rings,rings,"Discover a variety of stylish rings for all occasions.",350,"Jewelry &amp; Accessories",jewelry-accessories,,,,394,384,,,,,,,,,,,,,,,[],[],,,,,,,default,,,,
361,Watches,watches,"Explore a wide selection of watches.",,,,6,6,,395,,,,,,,,,,,,,,,,[],[],,,,,,,default,,,,
362,"Women's Bracelet Watches",womens-bracelet-watches,"Discover stylish bracelet watches for women.",361,Watches,watches,,,,396,395,,,,,,,,,,,,,,,[],[],,,,,,,default,,,,
363,"Lover's Watches",lovers-watches,"Find watches for couples and lovers.",361,Watches,watches,,,,397,395,,,,,,,,,,,,,,,[],[],,,,,,,default,,,,
364,"Children's Watches",childrens-watches,"Explore a collection of watches for children.",361,Watches,watches,,,,398,395,,,,,,,,,,,,,,,[],[],,,,,,,default,,,,
365,"Women's Watches",womens-watches,"Discover a variety of watches for women.",361,Watches,watches,,,,399,395,,,,,,,,,,,,,,,[],[],,,,,,,default,,,,
366,"Men's Watches",mens-watches,"Explore a diverse range of watches for men.",361,Watches,watches,,,,400,395,,,,,,,,,,,,,,,[],[],,,,,,,default,,,,
367,"Pocket &amp; Fob Watches",pocket-fob-watches,"Discover elegant pocket and fob watches.",361,Watches,watches,,,,401,395,,,,,,,,,,,,,,,[],[],,,,,,,default,,,,
368,"Watch Accessories",watch-accessories,"Find accessories and straps for watches.",361,Watches,watches,,,,402,395,,,,,,,,,,,,,,,[],[],,,,,,,default,,,,
369,"Home &amp; Garden",home-garden,"Discover a variety of products for your home and garden.",,,,,,,403,,,,,,,,,,,,,,,,[],[],,,,,,,default,,,,
370,"Garden Supplies",garden-supplies,"Explore a range of garden supplies for your outdoor space.",369,"Home &amp; Garden",home-garden,,,,404,403,,,,,,,,,,,,,,,[],[],,,,,,,default,,,,
371,"Household Merchandises",household-merchandises,"Find various household merchandises for everyday use.",369,"Home &amp; Garden",home-garden,,,,405,403,,,,,,,,,,,,,,,[],[],,,,,,,default,,,,
372,"Home Textile",home-textile,"Discover comfortable and stylish home textiles.",369,"Home &amp; Garden",home-garden,,,,406,403,,,,,,,,,,,,,,,[],[],,,,,,,default,,,,
373,"Home Storage &amp; Organization",home-storage-organization,"Explore storage and organization solutions for your home.",369,"Home &amp; Garden",home-garden,,,,407,403,,,,,,,,,,,,,,,[],[],,,,,,,default,,,,
374,"Home Decor",home-decor,"Find decorative items to enhance your home's ambiance.",369,"Home &amp; Garden",home-garden,,,,408,403,,,,,,,,,,,,,,,[],[],,,,,,,default,,,,
375,"Arts|Crafts &amp; Sewing",artscrafts-sewing,"Explore arts, crafts, and sewing supplies for creative projects.",369,"Home &amp; Garden",home-garden,,,,409,403,,,,,,,,,,,,,,,[],[],,,,,,,default,,,,
376,"Kitchen|Dining &amp; Bar",kitchendining-bar,"Discover kitchen, dining, and bar essentials.",369,"Home &amp; Garden",home-garden,,,,410,403,,,,,,,,,,,,,,,[],[],,,,,,,default,,,,
377,"Household Cleaning",household-cleaning,"Find cleaning products to keep your home tidy.",369,"Home &amp; Garden",home-garden,,,,411,403,,,,https://ae01.alicdn.com/kf/S00ed955ae6974ab5869f83baceba3590J.jpg||https://ae01.alicdn.com/kf/S2a6e3b3c072843bab7ca7edb2f28d3876.jpg||https://ae01.alicdn.com/kf/S331d52e5781648adb5a4b593ad2851924.jpg||https://ae01.alicdn.com/kf/Sf609a478be2c4363bbdc7c6ca12caab1f.jpg||https://ae01.alicdn.com/kf/S985ef36169ac46c588e5a48164f511b69.jpg||https://ae01.alicdn.com/kf/S117323bad45c41df9fe67c22cbebff19q.jpg,S00ed955ae6974ab5869f83baceba3590J.jpg||S2a6e3b3c072843bab7ca7edb2f28d3876.jpg||S331d52e5781648adb5a4b593ad2851924.jpg||Sf609a478be2c4363bbdc7c6ca12caab1f.jpg||S985ef36169ac46c588e5a48164f511b69.jpg||S117323bad45c41df9fe67c22cbebff19q.jpg,/home/cheasyst/public_html/store.cheasy.finance/wp-content/uploads/https://ae01.alicdn.com/kf/S00ed955ae6974ab5869f83baceba3590J.jpg||/home/cheasyst/public_html/store.cheasy.finance/wp-content/uploads/https://ae01.alicdn.com/kf/S2a6e3b3c072843bab7ca7edb2f28d3876.jpg||/home/cheasyst/public_html/store.cheasy.finance/wp-content/uploads/https://ae01.alicdn.com/kf/S331d52e5781648adb5a4b593ad2851924.jpg||/home/cheasyst/public_html/store.cheasy.finance/wp-content/uploads/https://ae01.alicdn.com/kf/Sf609a478be2c4363bbdc7c6ca12caab1f.jpg||/home/cheasyst/public_html/store.cheasy.finance/wp-content/uploads/https://ae01.alicdn.com/kf/S985ef36169ac46c588e5a48164f511b69.jpg||/home/cheasyst/public_html/store.cheasy.finance/wp-content/uploads/https://ae01.alicdn.com/kf/S117323bad45c41df9fe67c22cbebff19q.jpg,384||385||386||387||388||389,377-d73aad.jpg||377-503650.jpg||377-bc4a8d.jpg||377-4ab599.jpg||377-d99f4e.jpg||377-ef87c3.jpg,377-d73aad.jpg||377-503650.jpg||377-bc4a8d.jpg||377-4ab599.jpg||377-d99f4e.jpg||377-ef87c3.jpg,,,,,,[],[],,,,,,,default,,,,
378,"Festive &amp; Party Supplies",festive-party-supplies,"Explore festive and party supplies for special occasions.",369,"Home &amp; Garden",home-garden,,,,412,403,,,,https://ae01.alicdn.com/kf/S9b67b32acc764ee6ba6a6a8918bbab91W.jpg,S9b67b32acc764ee6ba6a6a8918bbab91W.jpg,/home/cheasyst/public_html/store.cheasy.finance/wp-content/uploads/https://ae01.alicdn.com/kf/S9b67b32acc764ee6ba6a6a8918bbab91W.jpg,390,378-74352f.jpg,378-74352f.jpg,,,,,,[],[],,,,,,,default,,,,
379,"Bathroom Products",bathroom-products,"Discover bathroom products for your personal space.",369,"Home &amp; Garden",home-garden,,,,413,403,,,,,,,,,,,,,,,[],[],,,,,,,default,,,,
380,"Pet Products",pet-products,"Explore a variety of products for pets.",369,"Home &amp; Garden",home-garden,,,,527,403,,,,https://ae01.alicdn.com/kf/Scddd6bc3944e40b09024c21294465467R.jpg,Scddd6bc3944e40b09024c21294465467R.jpg,/home/cheasyst/public_html/store.cheasy.finance/wp-content/uploads/https://ae01.alicdn.com/kf/Scddd6bc3944e40b09024c21294465467R.jpg,391,380-0009db.jpg,380-0009db.jpg,,,,,,[],[],,,,,,,default,,,,
381,"Insect Supplies",insect-supplies,"Find supplies for insect pets.",380,"Pet Products",pet-products,,,,416,415,,,,,,,,,,,,,,,[],[],,,,,,,default,,,,
382,"GPS Trackers",gps-trackers,"Discover GPS trackers for pets.",380,"Pet Products",pet-products,,,,417,415,,,,https://ae01.alicdn.com/kf/Sde2edecf64ba499b9db3ad9376e7219dK.jpg,Sde2edecf64ba499b9db3ad9376e7219dK.jpg,/home/cheasyst/public_html/store.cheasy.finance/wp-content/uploads/https://ae01.alicdn.com/kf/Sde2edecf64ba499b9db3ad9376e7219dK.jpg,392,382-67e82d.jpg,382-67e82d.jpg,,,,,,[],[],,,,,,,default,,,,
383,"Dog Training Aids",dog-training-aids,"Explore training aids for dogs.",380,"Pet Products",pet-products,,,,418,415,,,,,,,,,,,,,,,[],[],,,,,,,default,,,,
384,"Dog Litter &amp; Housebreaking",dog-litter-housebreaking,"Find litter and housebreaking products for dogs.",380,"Pet Products",pet-products,,,,419,415,,,,,,,,,,,,,,,[],[],,,,,,,default,,,,
385,"Dog Collars &amp; Leads",dog-collars-leads,"Discover collars and leads for dogs.",380,"Pet Products",pet-products,,,,420,415,,,,,,,,,,,,,,,[],[],,,,,,,default,,,,
386,"Small Animal Supplies",small-animal-supplies,"Explore supplies for small animals.",380,"Pet Products",pet-products,,,,421,415,,,,,,,,,,,,,,,[],[],,,,,,,default,,,,
387,"Pet Thermometers",pet-thermometers,"Find thermometers for pet health.",380,"Pet Products",pet-products,,,,422,415,,,,,,,,,,,,,,,[],[],,,,,,,default,,,,
388,"Pet Health Care &amp; Hygiene",pet-health-care-hygiene,"Discover health care and hygiene products for pets.",380,"Pet Products",pet-products,,,,423,415,,,,,,,,,,,,,,,[],[],,,,,,,default,,,,
389,"Dog Doors| Houses &amp; Furniture",dog-doors-houses-furniture,"Explore doors, houses, and furniture for dogs.",380,"Pet Products",pet-products,,,,424,415,,,,,,,,,,,,,,,[],[],,,,,,,default,,,,
390,"Dog Grooming",dog-grooming,"Find grooming products for dogs.",380,"Pet Products",pet-products,,,,425,415,,,,,,,,,,,,,,,[],[],,,,,,,default,,,,
391,"Pet Microchips",pet-microchips,"Discover pet microchips for identification.",380,"Pet Products",pet-products,,,,426,415,,,,,,,,,,,,,,,[],[],,,,,,,default,,,,
392,"Pet Memorials",pet-memorials,"Find memorials for beloved pets.",380,"Pet Products",pet-products,,,,427,415,,,,,,,,,,,,,,,[],[],,,,,,,default,,,,
393,"Dog Food",dog-food,"Explore a variety of dog food options.",380,"Pet Products",pet-products,,,,428,415,,,,,,,,,,,,,,,[],[],,,,,,,default,,,,
394,"Dog Clothing &amp; Shoes",dog-clothing-shoes,"Find stylish clothing and shoes for dogs.",380,"Pet Products",pet-products,,,,429,415,,,,,,,,,,,,,,,[],[],,,,,,,default,,,,
395,"Pet Medical Supplies",pet-medical-supplies,"Discover medical supplies for pets.",380,"Pet Products",pet-products,,,,430,415,,,,,,,,,,,,,,,[],[],,,,,,,default,,,,
396,"Bird Supplies",bird-supplies,"Explore supplies for birds.",380,"Pet Products",pet-products,,,,431,415,,,,,,,,,,,,,,,[],[],,,,,,,default,,,,
397,"Cat Supplies",cat-supplies,"Find supplies for cats.",380,"Pet Products",pet-products,,,,432,415,,,,,,,,,,,,,,,[],[],,,,,,,default,,,,
398,"Reptile &amp; Amphibian Supplies",reptile-amphibian-supplies,"Discover supplies for reptiles and amphibians.",380,"Pet Products",pet-products,,,,433,415,,,,,,,,,,,,,,,[],[],,,,,,,default,,,,
399,"Dog Feeding",dog-feeding,"Explore feeding products for dogs.",380,"Pet Products",pet-products,,,,434,415,,,,,,,,,,,,,,,[],[],,,,,,,default,,,,
400,"Farm Animal Supplies",farm-animal-supplies,"Find supplies for farm animals.",380,"Pet Products",pet-products,,,,435,415,,,,,,,,,,,,,,,[],[],,,,,,,default,,,,
401,"Dog Toys",dog-toys,"Discover a variety of toys for dogs.",380,"Pet Products",pet-products,,,,436,415,,,,,,,,,,,,,,,[],[],,,,,,,default,,,,
402,"Dog Carriers",dog-carriers,"Find carriers for dogs.",380,"Pet Products",pet-products,,,,437,415,,,,,,,,,,,,,,,[],[],,,,,,,default,,,,
403,"Fish &amp; Aquatic Supplies",fish-aquatic-supplies,"Explore supplies for fish and aquatic pets.",380,"Pet Products",pet-products,,,,438,415,,,,,,,,,,,,,,,[],[],,,,,,,default,,,,
404,"Household Appliances",household-appliances,"Discover household appliances for domestic use.",,,,,,,439,183,,,,,,,,,,,,,,,[],[],,,,,,,default,,,,
405,"Personal Care Appliances",personal-care-appliances,"Explore personal care appliances for grooming and health.",,,,,,,440,183,,,,,,,,,,,,,,,[],[],,,,,,,default,,,,
406,"Commercial Appliances",commercial-appliances,"Find commercial appliances for business and professional use.",,,,,,,441,183,,,,,,,,,,,,,,,[],[],,,,,,,default,,,,
407,"Major Appliances",major-appliances,"Discover major appliances for essential household functions.",,,,,,,442,183,,,,,,,,,,,,,,,[],[],,,,,,,default,,,,
408,"Home Appliance Parts",home-appliance-parts,"Explore parts and accessories for home appliances.",,,,,,,443,183,,,,,,,,,,,,,,,[],[],,,,,,,default,,,,
409,"Kitchen Appliances",kitchen-appliances,"Find a variety of kitchen appliances for cooking and food preparation.",,,,,,,444,183,,,,,,,,,,,,,,,[],[],,,,,,,default,,,,
410,"Luggage &amp; Bags",luggage-bags,"Explore a variety of luggage and bags.",,,,,,,445,,,,,,,,,,,,,,,,[],[],,,,,,,default,,,,
411,"Coin Purses &amp; Holders",coin-purses-holders,"Find coin purses and holders for small items.",410,"Luggage &amp; Bags",luggage-bags,,,,446,445,,,,,,,,,,,,,,,[],[],,,,,,,default,,,,
412,"Luggage &amp; Travel Bags",luggage-travel-bags,"Discover luggage and travel bags for your journeys.",410,"Luggage &amp; Bags",luggage-bags,,,,447,445,,,,,,,,,,,,,,,[],[],,,,,,,default,,,,
413,"Bag Parts &amp; Accessories",bag-parts-accessories,"Explore parts and accessories for bags.",410,"Luggage &amp; Bags",luggage-bags,,,,448,445,,,,,,,,,,,,,,,[],[],,,,,,,default,,,,
414,Backpacks,backpacks,"Find a variety of stylish backpacks.",410,"Luggage &amp; Bags",luggage-bags,,,,449,445,,,,,,,,,,,,,,,[],[],,,,,,,default,,,,
415,Wallets,wallets,"Discover wallets for organizing your essentials.",410,"Luggage &amp; Bags",luggage-bags,,,,450,445,,,,,,,,,,,,,,,[],[],,,,,,,default,,,,
416,"Functional Bags",functional-bags,"Explore functional bags for specific purposes.",410,"Luggage &amp; Bags",luggage-bags,,,,451,445,,,,,,,,,,,,,,,[],[],,,,,,,default,,,,
417,"Kids &amp; Baby's Bags",kids-babys-bags,"Find adorable bags for kids and babies.",410,"Luggage &amp; Bags",luggage-bags,,,,452,445,,,,,,,,,,,,,,,[],[],,,,,,,default,,,,
418,"Men's Bags",mens-bags,"Discover a collection of bags for men.",410,"Luggage &amp; Bags",luggage-bags,,,,453,445,,,,,,,,,,,,,,,[],[],,,,,,,default,,,,
419,"Women's Bags",womens-bags,"Explore a variety of bags for women.",410,"Luggage &amp; Bags",luggage-bags,,,,454,445,,,,,,,,,,,,,,,[],[],,,,,,,default,,,,
420,Shoes,shoes,"Explore a variety of shoes for all genders and styles.",,,,,,,455,,,,,,,,,,,,,,,,[],[],,,,,,,default,,,,
421,"Women's Shoes",womens-shoes,"Discover a collection of shoes for women.",420,Shoes,shoes,,,,456,455,,,,,,,,,,,,,,,[],[],,,,,,,default,,,,
422,"Men's Shoes",mens-shoes,"Explore a selection of shoes for men.",420,Shoes,shoes,,,,457,455,,,,,,,,,,,,,,,[],[],,,,,,,default,,,,
423,"Women's Pumps",womens-pumps,"Find stylish pumps for women.",421,"Women's Shoes",womens-shoes,,,,458,456,,,,,,,,,,,,,,,[],[],,,,,,,default,,,,
424,"Men's Casual Shoes",mens-casual-shoes,"Discover comfortable casual shoes for men.",422,"Men's Shoes",mens-shoes,,,,459,457,,,,,,,,,,,,,,,[],[],,,,,,,default,,,,
425,"Women's Boots",womens-boots,"Explore a variety of boots for women.",421,"Women's Shoes",womens-shoes,,,,460,456,,,,https://ae01.alicdn.com/kf/S3cc65b95404045dcb205c65345a87abc9.jpg||https://ae01.alicdn.com/kf/S3fdff40039e94c61aa76cbf9c4849976L.jpg||https://ae01.alicdn.com/kf/S221509a82a1e4ad480dea00fb1b65388H.jpg||https://ae01.alicdn.com/kf/Se3aba08ca5ca4b4db45b6a4619871c9fm.jpg||https://ae01.alicdn.com/kf/S9c463ee3e960468683f31e948e45f0fcI.jpg||https://ae01.alicdn.com/kf/S088ee4e873914c94b394b43e4040d1a25.jpg,S3cc65b95404045dcb205c65345a87abc9.jpg||S3fdff40039e94c61aa76cbf9c4849976L.jpg||S221509a82a1e4ad480dea00fb1b65388H.jpg||Se3aba08ca5ca4b4db45b6a4619871c9fm.jpg||S9c463ee3e960468683f31e948e45f0fcI.jpg||S088ee4e873914c94b394b43e4040d1a25.jpg,/home/cheasyst/public_html/store.cheasy.finance/wp-content/uploads/https://ae01.alicdn.com/kf/S3cc65b95404045dcb205c65345a87abc9.jpg||/home/cheasyst/public_html/store.cheasy.finance/wp-content/uploads/https://ae01.alicdn.com/kf/S3fdff40039e94c61aa76cbf9c4849976L.jpg||/home/cheasyst/public_html/store.cheasy.finance/wp-content/uploads/https://ae01.alicdn.com/kf/S221509a82a1e4ad480dea00fb1b65388H.jpg||/home/cheasyst/public_html/store.cheasy.finance/wp-content/uploads/https://ae01.alicdn.com/kf/Se3aba08ca5ca4b4db45b6a4619871c9fm.jpg||/home/cheasyst/public_html/store.cheasy.finance/wp-content/uploads/https://ae01.alicdn.com/kf/S9c463ee3e960468683f31e948e45f0fcI.jpg||/home/cheasyst/public_html/store.cheasy.finance/wp-content/uploads/https://ae01.alicdn.com/kf/S088ee4e873914c94b394b43e4040d1a25.jpg,428||429||430||431||432||433,425-094a75.jpg||425-2722ee.jpg||425-1b021b.jpg||425-50a9da.jpg||425-292a9f.jpg||425-26a8d0.jpg,425-094a75.jpg||425-2722ee.jpg||425-1b021b.jpg||425-50a9da.jpg||425-292a9f.jpg||425-26a8d0.jpg,,,,,,[],[],,,,,,,default,,,,
426,"Women's Vulcanize Shoes",womens-vulcanize-shoes,"Find trendy vulcanize shoes for women.",421,"Women's Shoes",womens-shoes,,,,461,456,,,,https://ae01.alicdn.com/kf/S0aa4e1f44e664a5b87f3a004464a09c69.jpg,S0aa4e1f44e664a5b87f3a004464a09c69.jpg,/home/cheasyst/public_html/store.cheasy.finance/wp-content/uploads/https://ae01.alicdn.com/kf/S0aa4e1f44e664a5b87f3a004464a09c69.jpg,434,426-af6efb.jpg,426-af6efb.jpg,,,,,,[],[],,,,,,,default,,,,
427,"Women's Flats",womens-flats,"Discover comfortable flats for women.",421,"Women's Shoes",womens-shoes,,,,462,456,,,,,,,,,,,,,,,[],[],,,,,,,default,,,,
428,"Shoe Accessories",shoe-accessories,"Explore accessories for shoes.",420,Shoes,shoes,,,,463,455,,,,,,,,,,,,,,,[],[],,,,,,,default,,,,
429,"Men's Boots",mens-boots,"Find sturdy boots for men.",422,"Men's Shoes",mens-shoes,,,,464,457,,,,,,,,,,,,,,,[],[],,,,,,,default,,,,
430,"Men's Vulcanize Shoes",mens-vulcanize-shoes,"Discover stylish vulcanize shoes for men.",422,"Men's Shoes",mens-shoes,,,,465,457,,,,,,,,,,,,,,,[],[],,,,,,,default,,,,
431,"Sports &amp; Entertainment",sports-entertainment,"Explore a variety of sports and entertainment products.",,,,,,,466,,,,,,,,,,,,,,,,[],[],,,,,,,default,,,,
432,"Sports Accessories",sports-accessories,"Find accessories for sports activities.",431,"Sports &amp; Entertainment",sports-entertainment,,,,467,466,,,,,,,,,,,,,,,[],[],,,,,,,default,,,,
433,"Sports Clothing",sports-clothing,"Find clothing for sports and active wear.",431,"Sports &amp; Entertainment",sports-entertainment,,,,468,466,,,,,,,,,,,,,,,[],[],,,,,,,default,,,,
434,Swimming,swimming,"Discover swimming gear and accessories.",431,"Sports &amp; Entertainment",sports-entertainment,,,,469,466,,,,,,,,,,,,,,,[],[],,,,,,,default,,,,
435,Cycling,cycling,"Explore cycling equipment and accessories.",431,"Sports &amp; Entertainment",sports-entertainment,,,,470,466,,,,,,,,,,,,,,,[],[],,,,,,,default,,,,
436,Sneakers,sneakers,"Find a variety of sneakers for sports and casual wear.",431,"Sports &amp; Entertainment",sports-entertainment,,,,471,466,,,,,,,,,,,,,,,[],[],,,,,,,default,,,,
437,Running,running,"Discover running gear and accessories.",431,"Sports &amp; Entertainment",sports-entertainment,,,,472,466,,,,,,,,,,,,,,,[],[],,,,,,,default,,,,
438,"Roller Skates| Skateboards &amp; Scooters",roller-skates-skateboards-scooters,"Explore roller skates, skateboards, and scooters.",431,"Sports &amp; Entertainment",sports-entertainment,,,,473,466,,,,,,,,,,,,,,,[],[],,,,,,,default,,,,
439,Bowling,bowling,"Find bowling equipment and accessories.",431,"Sports &amp; Entertainment",sports-entertainment,,,,474,466,,,,,,,,,,,,,,,[],[],,,,,,,default,,,,
440,Entertainment,entertainment,"Explore entertainment products and accessories.",431,"Sports &amp; Entertainment",sports-entertainment,,,,475,466,,,,,,,,,,,,,,,[],[],,,,,,,default,,,,
441,"Racquet Sports",racquet-sports,"Discover racquet sports equipment.",431,"Sports &amp; Entertainment",sports-entertainment,,,,476,466,,,,,,,,,,,,,,,[],[],,,,,,,default,,,,
442,Golf,golf,"Explore golf equipment and accessories.",431,"Sports &amp; Entertainment",sports-entertainment,,,,477,466,,,,,,,,,,,,,,,[],[],,,,,,,default,,,,
443,"Fitness &amp; Body Building",fitness-body-building,"Find fitness and bodybuilding equipment.",431,"Sports &amp; Entertainment",sports-entertainment,,,,478,466,,,,,,,,,,,,,,,[],[],,,,,,,default,,,,
444,"Skiing &amp; Snowboarding",skiing-snowboarding,"Discover skiing and snowboarding gear.",431,"Sports &amp; Entertainment",sports-entertainment,,,,479,466,,,,https://ae01.alicdn.com/kf/S0316c34bfac54b539305c763d9122162U.jpg||https://ae01.alicdn.com/kf/S38c74e05a475461d9a4f2d3a213c872dM.jpg||https://ae01.alicdn.com/kf/S11e7b83e40c6439499ad18c2eedafe978.jpg||https://ae01.alicdn.com/kf/Sc9a39a00ec674201844123ab07dfb561z.jpg||https://ae01.alicdn.com/kf/Sd9d1674eb07a4c79a25b26e440be5e34d.jpg||https://ae01.alicdn.com/kf/S4b6639f374804c718e19dedaaf6f28efx.jpg,S0316c34bfac54b539305c763d9122162U.jpg||S38c74e05a475461d9a4f2d3a213c872dM.jpg||S11e7b83e40c6439499ad18c2eedafe978.jpg||Sc9a39a00ec674201844123ab07dfb561z.jpg||Sd9d1674eb07a4c79a25b26e440be5e34d.jpg||S4b6639f374804c718e19dedaaf6f28efx.jpg,/home/cheasyst/public_html/store.cheasy.finance/wp-content/uploads/https://ae01.alicdn.com/kf/S0316c34bfac54b539305c763d9122162U.jpg||/home/cheasyst/public_html/store.cheasy.finance/wp-content/uploads/https://ae01.alicdn.com/kf/S38c74e05a475461d9a4f2d3a213c872dM.jpg||/home/cheasyst/public_html/store.cheasy.finance/wp-content/uploads/https://ae01.alicdn.com/kf/S11e7b83e40c6439499ad18c2eedafe978.jpg||/home/cheasyst/public_html/store.cheasy.finance/wp-content/uploads/https://ae01.alicdn.com/kf/Sc9a39a00ec674201844123ab07dfb561z.jpg||/home/cheasyst/public_html/store.cheasy.finance/wp-content/uploads/https://ae01.alicdn.com/kf/Sd9d1674eb07a4c79a25b26e440be5e34d.jpg||/home/cheasyst/public_html/store.cheasy.finance/wp-content/uploads/https://ae01.alicdn.com/kf/S4b6639f374804c718e19dedaaf6f28efx.jpg,449||450||451||452||453||454,444-fc2343.jpg||444-8438c9.jpg||444-63d250.jpg||444-848e13.jpg||444-76f55b.jpg||444-9c1bc6.jpg,444-fc2343.jpg||444-8438c9.jpg||444-63d250.jpg||444-848e13.jpg||444-76f55b.jpg||444-9c1bc6.jpg,,,,,,[],[],,,,,,,default,,,,
445,"Water Sports",water-sports,"Explore water sports gear and accessories.",431,"Sports &amp; Entertainment",sports-entertainment,,,,480,466,,,,,,,,,,,,,,,[],[],,,,,,,default,,,,
446,Shooting,shooting,"Find shooting equipment and accessories.",431,"Sports &amp; Entertainment",sports-entertainment,,,,481,466,,,,,,,,,,,,,,,[],[],,,,,,,default,,,,
447,Hunting,hunting,"Explore hunting gear and accessories.",431,"Sports &amp; Entertainment",sports-entertainment,,,,482,466,,,,,,,,,,,,,,,[],[],,,,,,,default,,,,
448,Fishing,fishing,"Discover fishing equipment and accessories.",431,"Sports &amp; Entertainment",sports-entertainment,,,,483,466,,,,,,,,,,,,,,,[],[],,,,,,,default,,,,
449,"Camping &amp; Hiking",camping-hiking,"Explore camping and hiking gear.",431,"Sports &amp; Entertainment",sports-entertainment,,,,484,466,,,,,,,,,,,,,,,[],[],,,,,,,default,,,,
450,"Musical Instruments",musical-instruments,"Find a variety of musical instruments.",431,"Sports &amp; Entertainment",sports-entertainment,,,,485,466,,,,,,,,,,,,,,,[],[],,,,,,,default,,,,
451,"Automobiles &amp; Motorcycles",automobiles-motorcycles,"Explore a variety of products for automobiles and motorcycles.",,,,,,,486,,,,,,,,,,,,,,,,[],[],,,,,,,default,,,,
452,"Car Lights",car-lights,"Find lights and lighting accessories for cars.",451,"Automobiles &amp; Motorcycles",automobiles-motorcycles,,,,487,486,,,,,,,,,,,,,,,[],[],,,,,,,default,,,,
453,"Car Repair Tools",car-repair-tools,"Discover tools for car repairs and maintenance.",451,"Automobiles &amp; Motorcycles",automobiles-motorcycles,,,,488,486,,,,,,,,,,,,,,,[],[],,,,,,,default,,,,
454,ATV|RV,atvrv,"Explore accessories for ATVs and RVs.",451,"Automobiles &amp; Motorcycles",automobiles-motorcycles,,,,489,486,,,,,,,,,,,,,,,[],[],,,,,,,default,,,,
455,"Travel &amp; Roadway Product",travel-roadway-product,"Find travel and roadway products for vehicles.",451,"Automobiles &amp; Motorcycles",automobiles-motorcycles,,,,490,486,,,,,,,,,,,,,,,[],[],,,,,,,default,,,,
456,"Car Wash &amp; Maintenance",car-wash-maintenance,"Discover car wash and maintenance products.",451,"Automobiles &amp; Motorcycles",automobiles-motorcycles,,,,491,486,,,,,,,,,,,,,,,[],[],,,,,,,default,,,,
457,"Motorcycle Accessories &amp; Parts",motorcycle-accessories-parts,"Explore accessories and parts for motorcycles.",451,"Automobiles &amp; Motorcycles",automobiles-motorcycles,,,,492,486,,,,,,,,,,,,,,,[],[],,,,,,,default,,,,
458,"Car Electronics",car-electronics,"Find electronic accessories for cars.",451,"Automobiles &amp; Motorcycles",automobiles-motorcycles,,,,493,486,,,,,,,,,,,,,,,[],[],,,,,,,default,,,,
459,"Auto Replacement Parts",auto-replacement-parts,"Explore replacement parts for automobiles.",451,"Automobiles &amp; Motorcycles",automobiles-motorcycles,,,,494,486,,,,,,,,,,,,,,,[],[],,,,,,,default,,,,
460,"Exterior Accessories",exterior-accessories,"Discover exterior accessories for vehicles.",451,"Automobiles &amp; Motorcycles",automobiles-motorcycles,,,,495,486,,,,,,,,,,,,,,,[],[],,,,,,,default,,,,
461,"Interior Accessories",interior-accessories,"Explore interior accessories for vehicles.",451,"Automobiles &amp; Motorcycles",automobiles-motorcycles,,,,496,486,,,,,,,,,,,,,,,[],[],,,,,,,default,,,,
462,Tools,tools,"Explore a variety of tools for various applications.",,,,,,,497,,,,,,,,,,,,,,,,[],[],,,,,,,default,,,,
463,"Power Tools",power-tools,"Find a selection of power tools.",462,Tools,tools,,,,498,497,,,,,,,,,,,,,,,[],[],,,,,,,default,,,,
464,"Welding &amp; Soldering Supplies",welding-soldering-supplies,"Discover supplies for welding and soldering.",462,Tools,tools,,,,499,497,,,,,,,,,,,,,,,[],[],,,,,,,default,,,,
465,Abrasives,abrasives,"Explore abrasive tools and materials.",462,Tools,tools,,,,500,497,,,,,,,,,,,,,,,[],[],,,,,,,default,,,,
466,"Woodworking Machinery &amp; Parts",woodworking-machinery-parts,"Find machinery and parts for woodworking.",462,Tools,tools,,,,501,497,,,,,,,,,,,,,,,[],[],,,,,,,default,,,,
467,"Welding Equipment",welding-equipment,"Discover welding equipment for various tasks.",462,Tools,tools,,,,502,497,,,,,,,,,,,,,,,[],[],,,,,,,default,,,,
468,"Measurement &amp; Analysis Instruments",measurement-analysis-instruments,"Explore measurement and analysis instruments.",462,Tools,tools,,,,503,497,,,,,,,,,,,,,,,[],[],,,,,,,default,,,,
469,"Abrasive Tools",abrasive-tools,"Find tools for using abrasives.",462,Tools,tools,,,,504,497,,,,,,,,,,,,,,,[],[],,,,,,,default,,,,
470,"Riveter Guns",riveter-guns,"Discover riveter guns for fastening tasks.",462,Tools,tools,,,,505,497,,,,,,,,,,,,,,,[],[],,,,,,,default,,,,
471,"Hand &amp; Power Tool Accessories",hand-power-tool-accessories,"Explore accessories for hand and power tools.",462,Tools,tools,,,,506,497,,,,,,,,,,,,,,,[],[],,,,,,,default,,,,
472,"Lifting Tools &amp; Accessories",lifting-tools-accessories,"Find tools and accessories for lifting tasks.",462,Tools,tools,,,,507,497,,,,,,,,,,,,,,,[],[],,,,,,,default,,,,
473,"Hand Tools",hand-tools,"Explore a variety of hand tools.",462,Tools,tools,,,,508,497,,,,,,,,,,,,,,,[],[],,,,,,,default,,,,
474,"Tool Parts",tool-parts,"Discover replacement parts for tools.",462,Tools,tools,,,,509,497,,,,,,,,,,,,,,,[],[],,,,,,,default,,,,
475,"Construction Tools",construction-tools,"Find tools for construction projects.",462,Tools,tools,,,,510,497,,,,,,,,,,,,,,,[],[],,,,,,,default,,,,
476,"Garden Tools",garden-tools,"Explore tools for gardening and outdoor tasks.",462,Tools,tools,,,,511,497,,,,,,,,,,,,,,,[],[],,,,,,,default,,,,
477,"Tool Sets",tool-sets,"Discover sets of tools for different purposes.",462,Tools,tools,,,,512,497,,,,,,,,,,,,,,,[],[],,,,,,,default,,,,
478,"Tool Organizers",tool-organizers,"Find organizers to store and carry tools.",462,Tools,tools,,,,513,497,,,,,,,,,,,,,,,[],[],,,,,,,default,,,,
479,"Machine Tools &amp; Accessories",machine-tools-accessories,"Explore machine tools and accessories.",462,Tools,tools,,,,514,497,,,,,,,,,,,,,,,[],[],,,,,,,default,,,,
480,"Home Improvement",home-improvement,"Explore a variety of products for home improvement projects.",,,,,,,515,,,,,,,,,,,,,,,,[],[],,,,,,,default,,,,
481,"Electrical Equipments &amp; Supplies",electrical-equipments-supplies,"Discover electrical equipment and supplies.",480,"Home Improvement",home-improvement,,,,516,515,,,,,,,,,,,,,,,[],[],,,,,,,default,,,,
482,Hardware,hardware,"Explore hardware products for various uses.",480,"Home Improvement",home-improvement,,,,517,515,,,,,,,,,,,,,,,[],[],,,,,,,default,,,,
483,"Kitchen Fixtures",kitchen-fixtures,"Find fixtures and accessories for the kitchen.",480,"Home Improvement",home-improvement,,,,518,515,,,,,,,,,,,,,,,[],[],,,,,,,default,,,,
484,Plumbing,plumbing,"Discover plumbing supplies and accessories.",480,"Home Improvement",home-improvement,,,,519,515,,,,,,,,,,,,,,,[],[],,,,,,,default,,,,
485,"Painting Supplies &amp; Wall Treatments",painting-supplies-wall-treatments,"Explore painting supplies and wall treatments.",480,"Home Improvement",home-improvement,,,,520,515,,,,,,,,,,,,,,,[],[],,,,,,,default,,,,
486,"Family Intelligence System",family-intelligence-system,"Discover products for smart home systems.",480,"Home Improvement",home-improvement,,,,521,515,,,,,,,,,,,,,,,[],[],,,,,,,default,,,,
487,"Lights &amp; Lighting",lights-lighting,"Explore lighting products for indoor and outdoor use.",480,"Home Improvement",home-improvement,,,,522,515,,,,,,,,,,,,,,,[],[],,,,,,,default,,,,
488,"Building Supplies",building-supplies,"Find supplies for building and construction.",480,"Home Improvement",home-improvement,,,,523,515,,,,,,,,,,,,,,,[],[],,,,,,,default,,,,
489,"Bathroom Fixtures",bathroom-fixtures,"Explore fixtures and accessories for the bathroom.",480,"Home Improvement",home-improvement,,,,524,515,,,,,,,,,,,,,,,[],[],,,,,,,default,,,,
490,"Men's Jackets &amp; Coats",mens-jackets-coats,"Stay warm and stylish with a variety of jackets and coats for men.",276,"Men's Fashion",mens-fashion,,,,526,308,,,,,,,,,,,,,,,[],[],,,,,,,default,,,,
491,Furniture,furniture,"Explore a wide selection of stylish furniture for your home.",,,,,,,528,,,,,,,,,,,,,,,,[],[],,,,,,,default,,,,
492,"Smart Watches",smart-watches,"Discover smart watches that blend style and functionality, featuring fitness tracking, GPS, and notifications. Perfect for any lifestyle, from sleek accessories to rugged companions.",361,Watches,watches,6,6,,598,395,,,,,,,,,,,,,,,[],[],,,,,,,default,,,,
2327,"Women's Leggings",womens-leggings,"Discover our versatile collection of women's leggings, designed for ultimate comfort and style. Whether you're looking for the perfect pair for a workout, a casual day out, or to complement a chic outfit, you'll find it here. Explore a variety of colors, patterns, and fabrics to suit your every need.",266,"Women's Fashion",womens-fashion,47,47,,,,,,,,,,,,,,,,,,[],[],,,,,,,default,,,,
2328,"Women's Shorts",womens-shorts,"Stay cool and stylish with our collection of women's shorts. From classic denim cutoffs to comfortable casual styles and tailored fits, we have the perfect pair for any sunny day or vacation. Browse our selection to find your ideal fit, color, and design for effortless warm-weather style.",266,"Women's Fashion",womens-fashion,40,40,,,,,,,,,,,,,,,,,,[],[],,,,,,,default,,,,
2633,"Knitted Dresses",knitted-dresses,"Explore our cozy and chic collection of knitted dresses, perfect for any season. Combining the comfort of knitwear with elegant silhouettes, these dresses offer effortless style and warmth. From casual day dresses to sophisticated evening options, find the perfect knit dress to elevate your wardrobe.",2652,Dresses,dresses-womens-fashion,41,41,,,,,,,,,,,,,,,,,,[],[],,,,,,,default,,,,90
2650,"Long Dresses",long-dresses,"Step into effortless elegance with our stunning collection of long dresses. Perfect for any occasion, these floor-grazing gowns and maxi styles offer a timeless silhouette that combines sophistication with comfort. From flowing, casual designs perfect for a sunny day to breathtaking formal gowns destined for a special evening, our selection caters to every event. Discover a variety of luxurious fabrics, captivating prints, and flattering cuts designed to make a graceful statement wherever you go.",2652,Dresses,dresses-womens-fashion,32,32,,,,,,,,,,,,,,,,,,[],[],,,,,,,default,,,,90
2651,"Long Sleeve Dresses",long-sleeve-dresses,"Discover the perfect blend of sophistication and comfort in our curated collection of long sleeve dresses. Ideal for year-round wear, these versatile pieces offer effortless elegance for any setting, from a professional office day to a special evening out. Explore a range of styles, including cozy knit sweater dresses and airy, flowing silhouettes with statement sleeves. A long sleeve dress provides a polished, put-together look that is both timeless and modern, ensuring you are perfectly poised for any event.",2652,Dresses,dresses-womens-fashion,34,34,,,,,,,,,,,,,,,,,,[],[],,,,,,,default,,,,60
2652,Dresses,dresses-womens-fashion,"Step into a world of endless style possibilities with our diverse collection of dresses. Designed to celebrate every moment and mood, this collection features everything from effortless casual day dresses to show-stopping evening gowns. Discover a vast array of silhouettes, luxurious fabrics, and captivating prints tailored to provide the perfect fit for any occasion. Whether you're seeking timeless elegance or a modern, trend-setting look, you'll find the perfect dress here to make you feel confident and beautiful.",266,"Women's Fashion",womens-fashion,148,189,,,,,,,,,,,,,,,,,,[],[],,,,,,,default,,,,
2653,"Women's Bottoms",womens-bottoms,"Build the perfect outfit from the ground up with our essential collection of women's bottoms. This curated selection features everything you need to anchor your look for any occasion, from polished office days to relaxed weekends. Explore timeless tailored trousers, perfectly-fitting denim, chic skirts in every length, and casual shorts for warmer weather. Designed with flattering silhouettes and premium fabrics, our bottoms provide the ideal foundation for expressing your unique style.",266,"Women's Fashion",womens-fashion,,154,,,,,,,,,,,,,,,,,,[],[],,,,,,,default,,,,
2807,"Short Dresses",short-dresses,"Make a statement and embrace the heat with our chic collection of short dresses. Perfect for sun-drenched days and vibrant nights, these pieces feature flattering shorter hemlines designed for confidence and style. From playful, casual minis perfect for a weekend outing to elegant cocktail dresses ready for any event, our selection offers a look for every mood. Discover eye-catching prints, bold colors, and timeless silhouettes designed to turn heads and keep you cool all season long.",2652,Dresses,dresses-womens-fashion,38,38,,,,,,,,,,,,,,,,,,[],[],,,,,,,default,,,,
2808,"Party Dresses",party-dresses,"Turn heads and own the night with our stunning collection of party dresses. Crafted for celebration, each dress is designed to make you the center of attention. From glamorous sequined showstoppers and elegant cocktail dresses to chic and playful minis, find the perfect look for any festive occasion on your calendar. Featuring luxurious fabrics, intricate details, and silhouettes that flatter, this collection ensures you'll step into your next event feeling confident, beautiful, and ready to celebrate in style.",2652,Dresses,dresses-womens-fashion,44,44,,,,,,,,,,,,,,,,,,[],[],,,,,,,default,,,,
